Names,Associated Names,Review
COURY HEALTH SERVICES LLC,"['COURY HEALTH SERVICE LLC', 'COURY HEALTH SERVICES INC', 'COURY HEALTH SERVICE INC', 'COURY HEALTH SERVICES DBA', 'COURY HEALTH SERVICES', 'THE COURY FIRM LLC', 'COUNRY HEALTH SERVICES LLC']","['ALERA GROUP INC DBA COURY HEALTH', 'ALERA GROUP INC DBA COURY HEALTH SV']"
ALDRICH BENEFITS LP,"['ALDRICH BENEFITS, INC.', 'ALDRICH BENEFITS LTD PARTNERSHIP', 'ALDRICH RETIREMENT SOLUTIONS LP', 'ALDRICH CPAS AND ADVISORS']",[]
UMR INC,"['UMR,INC.', 'UMR, INC. FINANCIAL SPECIAL SERVICE', 'UMR INC MARY GOSZ MAIL STOP 7320']",[]
FORREST T JONES & COMPANY INC,"['FORREST T JONES AND COMPANY INC', 'FORREST JONES & CO. INC.', 'FORREST T. JONES & CO., INC.', 'FORREST T JONES CONSULTING COMPANY']",[]
FIAI INC,['FIAHC INC'],[]
COMBINED SERVICES,"['COMBINED SERVICES INC', 'COMBINED SERVICES LLC', 'COMBINED SERVICES LIMITED', 'COMBINED SEVICES LLC', 'COMBINED SERVICES LLC DBA', 'CONBINED SERVICES LLC', 'COMBINED SERVICES LLD', 'COMBINES SERVICES, LLC', 'COMBINED INSURANCE SERVICES', 'COMBINED SERVICES LIMITED LIAB', 'COMBINED SERVICES LLC CSONE', 'COMBINED SERVICES LTD LIABILITY CO', 'COMBINED SERVICES LLA DBA CSONE', 'COMBINED SERVICES LLC CSONE BENEFIT', 'COMBINED SERVICES LLC/CSONE BENEFIT', 'COMBINED GROUP INSURANCE SERVICES', 'COMBINED BENEFITS', 'COMBINED SERVICE LIMITED LIABILITY', 'COMBINED SERVICE LIMITED LIABILTIY', 'COMBINED GROUP', 'COMBINED SERVICES DBA CSONE', 'COMBINED GROUP INS. SERVICES, INC.', 'COMBINED INS SVCS AND OTHER AGENTS', 'COMBINED INS SERVICES OF N FL INC', 'COMBINED INS SERVICES OF NORTH FL I', 'COMBINED INSURANCE SVCS INC', 'COMBIND SERVICES, LLC', 'COMBINED INS. SERVICES OF N. FL.', 'COMBINED INS SERVICES OF NORTH FL', 'COMBINED INS SVCS INC', 'COMBINED SERVICES LLC DBA CS ONE BE', 'COMBINED BENEFITS INC', 'COMBINED SERVICES DBA CSONE BEN SOL', 'COMBINED SERVICES LLC DBA CSONE', 'COMBINED BENEFITS ADMINISTRATORS', 'COMBINED INSURANCE LLC', 'COMBINED INSURANCE SERVICES OF N FL', 'COMBINED INSURANCE SERVIVES OF N FL', 'COMBINED SERV LLC DBA CSONE BEN SOL']",[]
CROSS INSURANCE,"['CROSS INSURANCE INC', 'CROSS INSURANCE AGENCY', 'CROSS INSURANCE SERVICES, INC.', 'CROSS INSURANCE-CONNECTICUT', 'CROSS FINANCIAL INSURANCE', 'CROSS INSURANCE - MANCESTER', 'CROSS INSURANCE-SHELTON', 'CROSS INSURANCE INC - CT', 'CROSS INSURANCE-BANGOR', 'CORSS INSURANCE', 'CROSS INSURANCE-WAKEFIELD', 'CROSS INSURANCE MANCHESTER', 'CROSS INSURANCE - WAKEFIELD', 'CROSS INSURANCE - NEW YORK INC', 'CROSS INSURANCE INC. CONNECTICUT', 'CROSS INSURANCE BANGOR', 'CROSS INSURANCE, INC. - NH', 'CROSS INSURANCE DBA BUS. BENEFITS', 'CROSS INSURANCE WAKEFIELD', 'CROSS INSURANCE, INC.-NEW HAMPSHIRE', 'CROSS INSURANCE INC - CT DBA CROSS', 'CROSS INSURANCE INC NEW HAMPSHIRE', 'CROSS INSURANCE INC MAINE', 'CROSS INSURANCE-WAKEFIELD, INC', 'CROSS INSURANCE, INC - NH/BANGOR ME']",[]
EBCA GENERAL AGENCY - BDG THIRD PAR,"['EBCA GENERAL AGENCY -BDG', 'EBCA GENERAL AGENCY - BDG TPA', 'EBCA GENERAL AGENCY', 'EBCA GENERAL AGENCY - GDG TPA']",[]
ASSOCIATED AGENCIES INC,"['ASSOCIATES AGENCY INC', 'ASSOCIATED INSURANCE AGENCIES INC']",[]
GIS BENEFITS INC,"['GIS BENEIFITS INC', 'GIS BENEFIT INC', 'GIS BENFITS INC', 'GIS BENEFITS LLC', 'GIS BENEFIT SERVICES INC', 'GIS BENEFIS INC.', 'GIS BENEFITS,INC.', 'GIS BENEIFTS INC', 'GIS BENEFITS INC DBA GIS', 'GIS BENEFITS INC. 70-5383', 'GIS BENEFITS IND', 'GIS BENEFIT SERVICES', 'GIS BENEFITS INC. 70-8714', 'GIS BENEFITS INC DBA GIS COMMU', 'GIS BENEFITS', 'GIS BENEFITS ADVISORS LLC', 'GIS BENEFITS INC DBA GIS COMMUNICAT', 'GIS BENEFITS INC DBA GIS COMMUNITY', 'GIS BENEFITS INC. 70-5627', 'GIS BENEFTS INC', 'GIS BENEFITS, INC/MARK MELITTE', 'GIS BENEFITS INCE', 'GIS BENEFITS IN', 'GIS BENEFTIS INC', 'GIS BENESTIS INC', 'GIS BENEFITS INC HOME OFFICE TPA', 'GIS BWENEFITS INC', 'GIS BENEFITS VB TRUST', 'GIS BENEFITS AND INSURANCE SERVICES', 'GIS BENEITS INC', 'GIS BENEFITS DBA GIS COMMUNICATIONS', 'GIS BENEFITS INC. AND JENNON CARUTH', 'GIS BENEFITS HEARTLAND', 'GIS BENEFITS INC. DBA KIRCHNER GIS', 'GIS BENEFITS IJC.', 'GIS BNENFITS INC', 'GIS BENEFITS VB TRST PRODUCER BONUS']",[]
FNA INSURANCE SERVICES,"['FNA INSURANCE SERVICES LLC', 'FNA INSURANCE SERIVCES INC.', 'FNA INSURANCE', 'FNA INSURANCE SERVCES, INC.', 'FNA INSURANCES SERVICES IN', 'FNA INSURANCE SERVICES INC-GA', 'FNA INSURNACE SERVICES INC', 'FNA INSURANCE SERVICES, INC. - GA', 'FNA INSURANCE SERVICES, INC - EB', 'FNA INURANCE SERVICES, INC.', 'FNA INSURANCE SERVICES, INC. C/O HU', 'FNA INSRUANCE SERVICES INC', 'FNA SERVICES INC']",[]
HIGGINBOTHAM INSURANCE AGENT,"['HIGGINBOTHAM INSURANCE', 'HIGGINBOTHAM INS AGENCY', 'HIGGINBOTHAM INSURANCE AGENCY INC', 'HIGGINBOTHAM INSURANCE COMPANY', 'HIGGINBOTHAM INSUARNCE AGENCY', 'HIGGINBOTHAM INSUANCE AGENCY INC', 'HIGGINBOTHAM INSURACE AGENCY INC', 'HIGGINBOTHAM INSURANCE AGY INC', 'HIGGINBOTHAM INSURANCE AGENCY LLC', 'HIGGENBOTHAM INS AGENCY', 'HIGGINBOTHAM AGENCY INC', 'HIGGINBOTHAM INS AGY INC', 'HIGGINGBOTHAM INSURANCE AGENCY', 'HIGGONBOTHAM INS AGENCY INC', 'HIGGINBOTHEM INSURANCE AGENCY', 'HIGGINBOTHAM INS AGENCY INC-AUSTIN', 'HIGGINBOTHAN INSURANCE AGENCY INC', 'HIGGINBOTHAM INS AGENCY INC-TENNESS', 'HIGGINBOTTOM INSURANCE AGENCY', 'HIGGINBOTHAM & ASSOCIATES', 'HIGGINBOTHAM & ASSOCIATES INC', 'HIGGINBOTHAM AND ASSOCIATES', 'HOGGINBOTHAM INSURANCE AGENCY, LLC', 'HIGGINBOTHAM COMPANY']",[]
COBB ALLEN & HALL OF LA INC,"['COBBS ALLEN & HALL OF LA INC', 'COBB, ALLEN & HALL INC', 'COBBSD ALLEN & HALL INC', 'COBB-ALLEN & HALL', 'COBBS ALLEN AND HALL INC', 'COBBS-ALLEN & HALL INC', 'COBBS ALL & HALL OF LA INC', 'COBBS ALLEN & HALL', 'COBBS ALLEN HALL INC', 'COBBS-ALLEN & HALL', 'COBBS, ALLEN & HALL INC. BIRMINGHAM']",[]
DIGITAL INSURANCE LLC,"['DIGITAL INSUANCE LLC', 'DIGITALINSURANCE LLC', 'DIGITAL INSURANCE , LLC', 'DIGITAL INSURANCELLC', 'DIGIAL INSURANCE LLC', 'DIGITAL INSURANCE COMPANY LLC', 'DIGITIAL INSURANCE LLC', 'DIGITAL INCURANCE LLC', 'DIGITAL INSURNACE LLC', 'DIGITAL INSRANCE LLC', 'DIGITAL INSURANCE AGENCY LLC', 'DIGITAL ISNURANCE LLC', 'DIGITAL INSURAMCE LLC', 'DIGITAL INSURANCE , INC', 'DIGITAL INSURANCE,INC', 'DIGITAL INSURANCE LLC2805', 'DIGITAL INSURANCEE INC', 'DIGITAL INSURANCE COMPANY', 'DIGITAL INSURANCE LLC TOTAL', 'DIGITAL INUSRANCE, LLC', 'DIGITAL INSUANCE INC', 'DIGITALINSURANCE INC', 'DIGITAL INSURANCE LLC & AGENTS', 'DIGITAL INSURANCE CO', 'DIGITAL INSURANCE INC DBA', 'DIGIAL INSURANCE, INC', 'DIGITAL INSURACE INC', 'DIGITAL INSURANCE IND.', 'DIGITAL INSURANCE LLC ATLANTA GA', 'DIGITAL INSURANCE AGENCY', 'DIGITAL INSURANCE INCORPORATE', 'DIGITIAL INSURANCE INC', 'DIGITAL INSURANCE INC. NEW YORK NY', 'DIGITAL INSURANCE LLC ATTN ACCOUNT', 'DIGITAL INSURANCE', 'DIGITAL INSURNCE INC', 'DIGITAL INSURANCE INC GA', 'DIGITAL INSURANCE, LLC AND AGENTS', 'DIGITAL INSURANCE LLC BSG', 'DIGITAL INSURANCE ADVISORS', 'DIGITAL INSURANCE GROUP', 'DIGITIAL INSURANCE', 'DIGITAL INSURANCE LLC - ACCT 132980', 'DIGITAL INSURANCE IN', 'ONEDIGITAL INSURANCE LLC', 'DIGITAL INSURANCE INC-GA', 'DIGITAL INS LLC', 'DIGTIAL INSURANCE LLC']",[]
USI INSURANCE SERVICE LLC,"['USI INSURANCE SERIVCES LLC', 'USI INSURANCE SERICES LLC', 'USI INSURANCE SERVICESLLC', 'USI INSURANCE SERVCIES LLC', 'USI INSURANCE LLC', 'USI INSURACE SERVICES LLC', 'USI INSURANE SERVICES LLC', 'USI INSURANCEE SERVICES LLC', 'USI INSURANCE SERVCES LLC', 'USI INSURANCE SEVICES LLC', 'USI INSURANCE SERVIES LLC', 'USI INSURANCE SERVICES INC', 'USI INSURANCE COMPANY LLC', 'USI INSURANCE SERVIECS LLC', 'USI INSURANCE SVCS LLC', 'USI INSURANCE SERVICE', 'USI INSURANCE SERVIVES LLC', 'USI INSURANCE SERVILCES LLC', 'USI INSURANCE SERVICES USA', 'USI INSURNCE SERVICES LLC', 'USI INSURANCESERVICES LLC', 'USI INSURANCE AGENCY LLC', 'USI INSURANCE SERVCIES', 'USI INSURANCE SERVIES', 'USI INSURANCE SERVICES NATIONAL LLC', 'USI INSUANCE SERVICES', 'USI INSURANCE SRERVICES LLC', 'USI INSURANCE SERVICES CORP', 'USI INSURANCE SERVICS CORP', 'USI INSURANCE SVCS', 'USI INSURANCE COMPANY', 'USI INSURANCE', 'USI INSURANCE SRV LLC', 'USI INSURANCE SERVICES NA', 'USI INSURANCE SERVICES CORPORATION', 'USI INSURANCE SERVICE LIC', 'USI INSURANCE SERVICES LLC-WI', 'USI INSURANCE SERVICES NATIONA', 'USI INSURANCE SERVICES LLC- SOUTHEA', 'USI INSURANCE SERVUCES', 'USI INSURANCE SERVICES LLC DELWARE', 'USI INSURANCE SERVICES LLC TOTAL', 'USI INSURANCE SERVICES LLC (LA)', 'USI INSURANCE SERVICES LLC (RI)', 'USI INSURANCE SERVICES L', 'USI INSRUANCE SERVICES LLC', 'USI INSURANCE SVCS NATIONAL, LLC', 'USI INSURNCE SERVICES', 'USI INSURANCE SERVICES OF NJ', 'USI INSURANCE SERVICES LLC - WI']",[]
AUSTIN BENEFITS GROUP,"['AUSTIN BENEFITS GROUP LLC', 'AUSTIN BENEFITS GROUP, INC.']",[]
AUSTIN FINANCIAL GROUP LLC,"['AUSTIN FINACIAL GROUP LLC', 'AUSTIN FINANCIAL GROUP, INC.']",[]
LUCIDO MORRIS ASSOCIATES LLC,['LUCIDO MORRIS ASSOCIATES'],[]
SCHWENDEMAN AGENCY INC,"['SCHWENDEMAN AGENCY,INC.']",[]
KEYSTONE INSURANCE BENEFITS GROUP,"['KEYSTONE INSURANE & BENEFITS GROUP', 'KEYSTONE INS. BENEFITS GROUP LLC', 'KEYSTONE INS. AND BENEFITS GROUP', 'KEYSTONE INS & BENEFITS GROUP', 'KEYSTONE INSURANCE & BENEFITS', 'KEYSTONE INSURANCE AND BENEFITS', 'KEYSTONE INSURANCE & EBENFITS GROUP', 'KEYSTONE INSURANCE GROUP, INC.', 'KEYSTONE BENEFIT GROUP', 'KEYSTONE INSUR & BENEFITS GRP LLC', 'KEYSTONE INSURERS GROUP INC', 'KEYSTONE INSURANCE & BEN GROUP', 'KEYSTONE INSURANCE', 'KEYSTONE INSURERS GROUP LLC', 'KEYSTONE BENEFIT GROUP LLC', 'KEYSTONE INS & BENEFITS GRP LLC', 'KEYSTONE INSURANCE SERVICES INC', 'KEYSTONE INS AND BENEFITS GRP LLC', 'KEYSTONE BENEFITS GROUP, INC.(GREEN', 'KEYSTONE INSURERS & BNFTS GROUP LLC', 'KEYSTONE BENEFIT GROUP (UBA OF FL)', 'KEYSTON INS AND BENEFITS GROUP LLC', 'KEYSTONE INSURANCE & BNFTS GRP LLC', 'KEYSTONE INS. AND BNFTS GROUP LLC', 'CENTERSTONE INSURANCE-BENEFITMA', 'KEYSTONE INS & BNFTS GROUP LLC']",[]
CASCADE VALLEY INSURANCE,"['CASCADE VALLEY INS, INC']",[]
MCGRIFF INSURANCE,"['MCGRIFF INSURANCE COMPANY', 'MCGRIFF INSURANCE SERVICE', 'MCGRIFF INSURANCE SERIVCES', 'MCGRIFF INSURANCE SERVIES', 'MCGRIFF INSURANCE SEVICES', 'MCGRIFF INSURANE SERVICES', 'MCGRIFF INSURANCE SERVCIES', 'MCGRIFF INSURANCE SERICES INC', 'MCGRIFF INSURANCE SERVICE LLC', 'MCGRIFF INSURACE SERVICES INC', 'MCGRIFF INSURANCE SERVICES,LLC', 'MCGRIFF INSURANACE SERVICES INC', 'MCGRIFF INSURANCE SERVICEES INC', 'MCGRIFF INSURANCES SERVICES', 'MCGRIFF INSURANCE SERVICES SC', 'MCGRIFF INSURANCE SERICES, LLC', 'MCGRIFF INSURANCE SVCS', 'MCGRIFF INSURANCE SERVUCES', 'MCGRIFF INSURANCE SERVICES INC CHAR', 'MCGRIFF INURANCE SERVICES INC', 'MCGRIFF INSURANCE SERCICES INC', 'MCGRIFF-WILLIAMS INSURANCE', 'MCGRIFF INSUARNCE SERVICES INC', 'MCGRIFF INSRUANCE SERVICES LLC', 'MCGRIFF INSURANCE SERVICES INC BARG', 'MCGRIFF INSURANCE SERVICES/FREIBERG', 'MCGRIFF INSURANCE SERVICES C', 'MCGRIEFF INSURANCE SERVICE', 'MCGRIFF INSURANCE SERVICES RALEIGH', 'MCMCGRIFF INSURANCE SERVICES INC.', 'MCGRIFF INSURANCE SERVICES - GREENS', 'MCGRIFF INSURANCE SERVICE EB COMM', 'MCGRIFF INSURANCE SERVICES - DURHAM', 'MCGRIFF INSURANCE SERV (FREIBERG)', 'MCGRIFF INSURANCE SERVICES LEX KY', 'MC GRIFF INSURANCE SERVICES LLC', 'MCGRIFF INSURANCE SERVICES INC EB C', 'MCGRIFF INSURANCE EB COMMISSION', 'MCGRIFF INSURANCE SERVICES - MEMPHI', 'MCGRIFF INSURANCE SERVICES/STEEN', 'MCGRIFF INSURANCE DBA FBP INSURANCE', 'MCGRIFF INSURANCE SERVICES--DOUGLAS', 'MCGRIFF INSURANCE SERVICES EM COMM', 'MCGRIFF INSURANCE SERVICES INC - XH', 'MCGRIFF INSURANCE SERVICES-MEMPHIS', 'MARMCGRIFF INSURANCE SERVICES INC', 'MCGRIFF INS SERVICES', 'MCGRIFF INSURANCE SERVICES-CHARLOTT', 'MCGRIFF INSURANCE SERVICES - BARGER', 'MCGRFF INSURANCE SERVICES INC']",[]
MERCER HEALTH AND BENEFITS,"['MERCER HEALTH & BENIFITS', 'MERCER HEALTH & BENFITS', 'MERCER HEALTH BENEFITS', 'MERCER HEALTH AND BENEFITS SERVICE', 'MERCER HEALTH AND BENEFITS INC', 'MERCER HEALTH AND BENEFITS ADMIN', 'MERCER HEALTH AND BENEFITS ADMINIST', 'MERCER HEALTH & BENEFITS ADMINIS', 'MERCER HEALTH AND BENEFITS,LLC', 'MERCER HEALTH & BENEFITS-HON', 'MERCER HEALTH & BENEFITS ST', 'MERCER HEALTH BENEFITS ADMIN', 'MERCER HEALTH AND BENEFITS AD', 'MERCER HEALTH & BENEFITS, INC.', 'MERCER HEALTH AND BENEFITS LL', 'MERCER HEALTH & BENFITS LLC', 'MERCER HEALTH & BENEFITS,LLC', 'MERCER HEALTH AND BENFITS, LLC', 'MERCER HEALTH AN BENEFITS, LLC', 'MERCER HEALTH BENEFITS LLC', 'MERCER HEALTH & BENEFITS 4565', 'MERCER HEALH & BENEFITS', 'MERCER HEALTH AND BENEFIT ADMIN', 'MERCER HEALTH AND BENEFITS - URB', 'MERCER HEALTH AND BENEFITS LLC HON', 'MERCER HEALTH & BENEFIT ADMIN', 'MERCER HEALTH BENEFITS ADMIN LLC', 'MERCER HELATH BENEFITS, LLC', 'MERCER HEALTH & BENFEITS, INC.', 'MERCER HEHLTH & BENEFITS', 'MERCER HEALTH & BENEFITS ADMIN 4059', 'MERCER HEALTH AND BENEFIT LLC', 'MERCER HEALTH & BENEFITS - PHILADEL', 'MERCER HEALTH & BENEFIT LLC', 'MERCER HEALTH & BENEFITS - URB', 'MERCER HEALTH & BENEFITD LLC', 'MERCER HEALTH & BENEIFTS ADMIN', 'MERCER HELATH AND BENEFITS, LLC', 'MERCER HEALTH & BENEFITS- CHI', 'MERCER HEALTH & BENFITS ADMIN LLC', 'MERCER HEALTH AND BENEFITS LLC 1943', 'MERCER HEALTH & BENEFITS - LOUISVIL', 'MERCER HEALTH & BENEFIS LLC', 'MERCER HEALTH & BENEFITS ADM LLC', 'MERCER HEALTH & BENEFITS OFC', 'MERCER HEALTH & BENEFIT LCC', 'MERCER HEALTH AND BENEFITS ADVISORS', 'MERCERHEALTH & BENEFITS LLC', 'MERCER HEALTH & BENEFITS ADMIN INC.', 'MERCER HEALTH & BENEFITS - NEW YORK']",[]
MARSH AND MCLENNAN AGENCY,"['MARSH AND MCLENNON AGENCY', 'MARSH Y MCLENNAN AGENCY', 'MARSH AND MCLENAN AGENCY', 'MARSH & MCLENNAN AGENCY LC', 'MARSH & MCLENNAN AGENCY INC', 'MARSH & MCELNNAN AGENCY', 'MARSH AND MCENNAN AGENCY', 'MARSH & MCLENNA AGENCY', 'MARSH AND MCLENNEN AGENCY LLC', 'MARSH & MCLENNAN AGENCYLLC', 'MARSH AND MCLENNAN AGENCY,LLC', 'MARSH MCLENNAN AGENCY', 'MARSH & MCLELLAN AGENCY', 'MARSH & MCLENNAN SGENCY LLC', 'MARSH AND MCLENNAN AGENCY NE', 'MARSH & MCLENNAN AGENCY LLC CO', 'MARSH & MCLENNN AGENCY LLC', 'MARSH & MCLENNON AGENCY LLC', 'MARSH & MCLENNAM AGENCY LLC', 'MARSHA & MCLENNAN AGENCY', 'MARSH MCLENNAN AGENCY LLC', 'MARSH & MCLELLAN AGENCY INC', 'MARSH & MCELNNAN AGENCY LLC', 'A MARSH & MCLENNAN AGENCY LLC', 'MARSH & MCLENNAN AGENCY, LLC-M', 'MARSH AND MCLENNAN AGENCY & OTHERS', 'MARSH & MCLENNEN AGENCY LLF', 'MARSH & MCLENNAN AGCY', 'MARHS AND MCLENNAN AGENCY', 'MARSH & MCLENNAN AGENCY L', 'MARSH & MCCLENNAN AGENCY LLC COMPAN', 'MARSH & MCLENNAN AGENCY LLC PA', 'MARSH & MCLENNAN AGENY LLC', 'MARSH AND MECLENNAN AGENCY', 'MARSH & MCLENAN AGENCY LLC', 'MARSH AND MCLENNAN AGENCY LLNEAC', 'MARSH & MACLENNAN AGENCY LLC', 'MARSH & MCENNAN AGENCY LLC', 'MARSH & MCCLENNAN AGENCY COMPANIES', 'MARSH & MCLENNA AGENCY LL', 'MARSH MCLELLAN AGENCY LLC', 'MARSH & MCLENNAN AGENGY LLC', 'MARSH AND MCLENNAN AGCY LLC', 'MARSH & MCLENNAN AGENCY LLC DBA', 'MARSH & MECLENNA AGENCY', 'MARSH AND MCKENNAN AGENCY LLC', 'MARSH & MCLANNAN AGENCY LLC', 'MARSH & MCLENNAN AGCY LLC', 'MARSH & MCLENNAN AGECNCY INC', 'MARSH & MCLENNAN EGENCY LLC']",[]
GALAGHER BENEFIT SERVICES INC,"['GALLAGHER BENEFIT SERICES INC', 'GALLAGHER BENEFIT SERVICE INC', 'GALLAGHER BENEFIT SERIVES INC', 'GALLAGHER BENFIT SERVICES INC', 'GALLAGHER BENEFIT SERVICES,INC', 'GALLAGHER BENEFIT SERVIES INC', 'GALLAGHER BENEFIT SERVCIES INC', 'GALLAGHER BENEFIT SERVICES CA', 'GALLAGHER BENEFIT SERVICES INC LA', 'GALLAGHER BENIFIT SERVICES, INC.', 'GALLAGHER BENEFIT SERV INC', 'GALLAGHER BENEFIT SERVICES CORP', 'GALLAGHER BENEFIT INC', 'GALLAHER BENEFIT SERVICES INC', 'GALLAGHER BENEFIT SERVICE,INC', 'GALLAGHER BENEFIT SERVICES INC TOTA', 'GALLGHER BENEFIT SERVICES INC', 'GALLAGHER BENEFIT SVCS INC', 'GALLAGHER BENEFIT SERVICS INC', 'GALLAGHER BENEFITS SERVICE INC', 'GALLAGHER BENEFITSERVICES INC', 'GALLAGHER BENEFIT SERVICES DBA', 'GALLAGHE BENEFIT SERVICES INC', 'GALLAGHER BENEFIT SERVICES INC OMA', 'GALLAGHER BENEFIT SERVICES LA', 'GALLAGHER BENEFIT SERVICES STE T', 'GALLAGHER BENEFIT SERVICES IN', 'GALLAGHER BENEFIT SVC INC', 'GALLAGHER BENEFIT SERVICES BR', 'GALLAGHER BENEFIT SERVICES OF CO', 'GALLAGHER BENEFIT SERVICES INC NAT', 'GALLGER BENEFIT SERVICES INC.', 'GALLAGHER BENEFIT SERVICES-SC', 'GALLAGHER BENEFIT SERVICE, LLC.', 'GALLAGHER BENEFIR SERVICES', 'GALLAGHER BENEFIT SERVICES IL', 'GALLAGHER BENEFITS SERVICES', 'GALLAGHER BENEFIT SVCS INC OF', 'GALLAGHER BENEFIT SERVICE OF CA', 'GALLAGHER BENEFT SERVICES INC', 'GALLAGER BENEFIT SERVICES INC', 'GALLAGHER BENEFIT SOLUTIONS', 'GALLAGHER BENEFIT SERVIVES, INC.', 'GALLAGHER BENEFIT SERVICES INC--MAR', 'GALLAGHER BENEFIT SERVICES INC OF H', 'GALLACHER BENEFIT SERVICE INC', 'GALLAGHER BNEEFIT SERVICES, INC.', 'GALLAGHER BENEFIT SERVICES OF CA', 'GALLAGHER BENEFIT SERVICES INC-SIOU', 'GALLAGHER BENEFITS SERV INC']",[]
SHAWN MARQUIS AGENCY INC,"['SHAWAN MARQUIS AGENCY', 'SHAWAN-MARQUIS AGENCY, INC.', 'SHAWAN MARGUIS AGENCY INC', 'SHAWAN MARQUIS AGNECY INC']",[]
JAMES OSWALD COMPANY,"['THE JAMES OSWALD COMPANY', 'JAMES B OSWALD COMPANY', 'JAMES B OSWALD COMPANY OSWALD COMPA', 'THE JAMES B OSWALD COMPANY INC', 'THE JAMES B OSWALD COMAPNY', 'THE JAMES B.OSWALD COMPANY', 'THE JAMES B OSWOLD COMPANY', 'JAMES B. OSWALD AND COMPANY', 'THE JAMES B. OSWALD COMPANIES', 'THE JAMES B OSWALD CO', 'JAMES B OSWALD AGENCY', 'JAMES B. OSWALD GROUP', 'JAMES B. OLSWALD AND COMPANY', 'THE JAMES B. OSWALD AGENCY']",[]
MCGOHAN BRABENDER AGCY INC,"['MCGOHAN BRABENDER INC', 'MCGOHAN BRABENBER AGENCY INC', 'MCGOHAN BRABENDER,INC.', 'MCGOHAN/BRABENDER AGENCY INC', 'MCGOHAN BRABENDER AGENCY', 'MCGOHAN BARBENDER AGENCY INC', 'MCGOHAN BRABENER AGENCY, INC.', 'MCGOAHN BRABENDER AGENCY INC', 'MCGOHAN BRABDNER, INC.', 'MCGOHAN/BRABENDER, INC.', 'MCGOHAN BRABENDER AGENCY INSURANCE', 'MCGOHAN BARBENDER, INC.', 'MCGOHAN MCGOHAN, INC.', 'MCGOAHN BARBENDER, INC.']",[]
HUB INTERNATIONAL TEXAS INC,"['HUB INTERNATIONAL TEXAS LLC', 'HUB INTERNNATIONAL TEXAS INC', 'HUB INTERNATIONAL TEXAS', 'HUB INTERNATONAL TEXAS INC', 'HUB INTERNATIONAL TEEXAS INC', 'HUB INTERNATIONAL TEXAS INC FW', 'HUB INTERNAITONAL TEXAS INC', 'HUB INTERNATIONAL TX, LLC', 'HUB INTERNATIONAL TEXAS FT WORTH', 'HUB INTERNATIONAL TEXAS INC. FTW', 'HUB INTERNATIONAL TX', 'HUB INTERNATIONAL TEXAS INC FT WOR', 'HUB INTERNATIONAL TX INC FT WORTH', 'HUB INTERNATIONAL TEXAS INC FT WORT', 'HUB INTERNATIONAL TX FT WORTH', 'HUB INTERNATIONAL LLC', 'HUB INTERNATIONAL TEXAS, INC. FT. W', 'HUB INTERNATIONAL INC.', 'HUB INTERNATIONAL SERIVCES, INC', 'HUB INTERNATIONAL OF NE LLC', 'HUB INTERNATIONAL NORTJWEST LLC', 'HUB INTERNATIONAL OF CO', 'HUB INTERNATIONAL SOUTHWEST', 'HUB INTERNATIONAL SERVICES, INC NM', 'HUB INTERNATIONAL SVCS INC', 'HUB INTERNATIONAL', 'HUB INTERNATIONAL NW LLC', 'HUB INTERNATIONAL LTD', 'HUB INTERNATIONA N E LLC', 'HUB INTERNATIONAL OF CA', 'HUB INTERNATIONAL NORHTWEST LLC', 'HUB INTERNATIONAL NE LTD', 'HUB INTERNATIONAL SOUTHEAST, LTD.', 'HUB INTERNATIONAL NORTHWST, LLC', 'HUB INTL. SERVICES, INC.', 'HUB INTERNATIONAL SERVICE', 'HUB INTERNATIONAL INS SVC INC', 'HUB INTERNATIONAL INS AGENCY INC', 'HUB INTERNATIONAL MIDWEST LLC', 'HUB INTERNATIONAL NORTHERST LLC', 'HUB INTERNATIONAL EL PASO', 'HUB INTERNATIONAL LTD D/B/A HUB INT', 'HUB INTERNATIONAL MID ATLANTIC INC', 'HUB INTERNATIONAL INS SERVCES, INC', 'HUB INTERNATIONAL MID SOUTH', 'HUB INTERNATIONAL NEW MEXICO', 'HUB INTERNATIONAL SERVICEES', 'HUB INTERNATIONAL NORHWEST, LLC', 'HUB INTERNATIONAL INS SERVICE INC', 'HUB INTERNATIONAL INS. SVCS., LLC', 'HUB INTERNATIONAL OF IN LTD', 'HUB INTERNATIONAL HREAT PLAINS, LLC', 'HUB INTERNATIONAL GREAT PLAIS LLC', 'HUB INERNATIONAL NW LLC', 'HUB INTERNATIONAL MID AMERICA', 'HUB INTERNATIONAL SOUTHEAST', 'HUB INTERNATIONAL MIDWEST', 'HUB INTERNATIONAL NW', 'HUB INTERNATIONAL NORTH EAST LLC', 'HUB INTERNATONAL LIMITED', 'HUB INTERNATIONAL MIDSOUTH', 'HUB INTERNATIONAL MIDWEST LTD DBA', 'HUB INTERNATINAL LIMITED', 'HUB INTERNATIONAL NE LIMITED', 'HUB INTERNATIONAL FL', 'HUB INTERNATIONAL INS SVCS INC NM', ""HUB INT'L INS SERVICES INC - UT"", 'HUB INTERNATIONAL - TULSA, OK', 'HUB INTERNATIONAL FLORIDA', 'HUB INTERNATIONAL OF ILLINOIS LTD', 'HUB INTERNATIONAL NEW', 'HUB INTERNATIONAL MIDEWEST LIMITED', 'HUB INTERNATIONAL IOWA LLC', 'HUB INTL INS. INC.', 'HUB INTERNATIONAL INS SVC', 'HUB INTERNATIONAL MID-ATLANTIC INC', 'HUB INTERNATIONAL LIMNITED', 'HUB INTERNATIONALMIDWEST LIMITED', 'HUB INTERNATIONAL GULF LIMITED', 'HUB INTERNATIONALD MIDWEST LIMITED', 'HUB INTERNATIONAL INS SVS INC', 'HUB INTL MIDWEST LTD DBA HUB', 'HUB INTERNATIONAL INSURANCE SVC', 'HUB INTERNATIONAL SRVCS INC', 'HUB INTERNATIONAL GULF', 'HUB INTERNATIONAL INS SRV INC', 'HUB INTERNATIONAL MIDWEST LTD IL', 'HUB INTERNATIONAL MIDWEST LIMTED', 'HUB INTERNATIONAL MIDWEST AMERICA', 'HUB INTERNATIONAL PR', 'HUB INTERNATIONAL NORTHWEST LL', 'HUB INTERNATIONAL GULFSOUTH LTD', 'HUB INTERNATONAL INS. SVCS., INC.', 'HUB INTERNATIONAL INSURANCE SERVICE', 'HUB INTERNATIONAL MIDWEST LTD OK', 'HUB INTERNATIONAL OF IN LIMITED', 'HUB INTERNATIONAL NORTHEAST', 'HUB INTERNATIONAL MIDWEST UNLIMITED', 'HUB INTERNATIONAL FLORIDA LTD', ""HUB INTN'L MIDWEST LTD"", 'HUB INTERNATIONAL SOUTH FLORIDA', 'HUB INTERNATIONAL MIDWEST EAST', 'HUB INTERATIONAL GREAT PLAINS LLC', 'HUB INTERNATIONAL MIDWEST/MID SOUTH', 'HUB INTERNATION INS. SVCS., INC.', 'HUB INTL MIDWEST LIMITED DBA HUB', 'HUB INTERNATIONA MID ATLANTIC INC', 'HUB INTERNATIONAL WEST LIMITED (LA)', 'HUB INTERNATINAL NORTHWEST LLC', 'HUB INTERNATIONAL LIMITE', 'HUB INTERNATIONAL MID-AMERICA', 'HUB INTL MIDWEST LTD', 'HUB INTERNATION MIDWEST LTD', 'HUB INTERNATIONAL GULF SOUTH', 'HUB INTERNTL INS SVCS INC', 'HUB INTERNATIONAL CALIFORNIA', 'HUB INTERNATIOANL GREAT PLAINS LLC', 'HUB INTERNATIONAL MID-ATLANTIC, LLC', 'HUB INTERNATIONAL MID ATLANTIC', 'HUB INTERNATIONAL MD SOUTH', 'HUB INTL GREAT PLAINS LLC', 'HUBI NTERNATIONAL MIDWEST LTD', 'HUB INTERNATIONAL-CHICAGO', 'HUB INTERNATIONAL NEW ENG', 'HUB INTERNATIONAL - NEW YORK', 'HUB INTERNATIONAL NEW ENGLAND', 'HUB INTERNATIONAL MIDWEST LTD/MIAMI', 'HUB INTERNATIONAL INSURANCE', 'HUB INTERNATONAL MIDWEST LTD', 'HUB INTERNATIONAL INS SVCS CA', 'HUB INTL MID ATLANTIC, INC.', 'HUB INTERNATIONAL MID-ALTANTIC INC', 'HUB INTERNATIONAL - OKLAHOMA CITY', 'HUB INTERNATIOANL INS SVCS INC', 'HUB INTERNATIONAL IOWA', 'HUB INTL. GULF SOUTH LIMITED', 'HUB INTERATIONAL MIDWEST LIMITED', ""HUB INTL MW LTD D/B/A/ HUB INT'L GU"", 'HUB INTERNATIONAL LIMITED (PA)', 'HUB INTERNAITONAL LIMITED', 'HUB INTERNATIONAL NE LMT', 'HUB INTERNATIONAL NORTHWEST LLC-WA', 'HUB INTERNATIONAL OF CA IN SVCS INC', 'HUB INTERNATIONAL GREAT PLAINS', 'HUB INTERNATIONAL MW LTD', 'HUB INTL. NORTHEAST LTD', 'HUB INERNATIONAL INS. SVCS., INC.', ""HUB INT'L INSURANCE SERVICES INC."", 'HUB INTERNATIONAL GULF SOUTH LIMITE', 'HUB INTERNATIONAL MIDWEST LTD-NC/SC', 'HUB INTERNATIONAL BROOKFIELD', 'HUB INTERNAITONAL INS. SVCS., INC.', 'HUB INTL MIDWEST LIMITED', 'HUB INTERNAITONAL NORTHWEST LLC', 'HUB INTERNATI0NAL MIDWEST LTD', 'HUB INTERNATIONAL MIDWEST LMITED', 'HUB INTERNAITONAL GULF SOUTH LTD', 'HUB INERNATIONAL MIDWEST LIMITED', 'HUB INTERNATIONA NEW ENGLAND LLC', 'HUB INTERNATIONAL NORTHWE', 'HUB INTERNATIONAL PUERTO', 'HUB INTERNATIONAL - ENCINO, CA', 'HUB INTERNATIOMNAL NORTHWEST LLC', 'HUB INTERNATIONAL OF CA INS SVCES', 'HUB INTERNATONAL MIDWEST LIMITED', 'HUB INTERNATION MIDWEST LIMITED', 'HUB INTERNATIONAL MID ATL', 'HUB INTERNATOINAL GREAT PLAINS LLC', 'HUB INTERNTAIONAL MIDWEST LTD', 'HUB INTL NEW ENGLAND, LLC', 'HUB INTERNATIONAL NORTHWEST LLC -WA', 'HUB INTERNAITONAL MIDWEST LTD', 'HUB INTERNATIONAL MIDWEST 672425', 'HUB INTERNATION NEW ENGLAND LLC', 'HUB INTERNATIONAL MDWEST LTD', 'HUB INTERNATIONAL - SANTA FE, NM', 'HUB INTERNATIONAL MIDWEST - CHICAGO', 'HUB INTERNATIONAL OC CA INS. SVCS.', 'HUB INTERNATIONAL IDAHO', 'HUB INTERNATIONAL OF CA INS SE', 'HUB INTERNATIONAL MIDWEST LIM', 'HUB INTERNATIONAL MIDWEST LIMITED20', 'HUB INTERNATIONAL PUERTO RIXO, INC', 'HUB INTERNATIONAL INSURNACE SERVICE', 'HUB INERNATIONAL GULF SOUTH LIMITED', 'HUB INTERNATIONAL AND OTHER AGENTS', 'HUB INTERATIONAL MIDWEST LIMITED IL', 'HUB INTERNATIONAL INSURANCE SEVICES', 'HUB INTL MTN STATES LTD', 'HUB INTERNATIONAL GREAT', 'HUB INTERNATIONAL/NASHVILLE, TN', 'HUB INTERNATIONAL OF CA INS SERVICE', 'HUB INTERNATIONAL INSURANCE LIMITED', 'HUB INTERNATIONAL NORTHEAST 621603', 'HUB INTL NW LLC SEATTLE', 'HUB INTERNATIONAL MID-ATL', 'HUB INTERNATIONAL MW LIMITED', 'HUB INTERNATIONAL OF CA INS SVCS', 'HUB INTERNATIONAL NOTHEAST LIMITED', 'HUB INTERNATIONAL NORTHWEST LLC SEA', 'HUB INTERNATIONAL HOLMES', 'HUB INTERNATIONAL GULF SOUTH L', 'HUB INTERNTIONAL MIDWEST LTD', 'HUB INTERNATIONAL INS. SVC. - CUL', 'HUB INTERNATIONAL INS SE', 'HUB INTERNATIONAL GULF ACCOUNTING', 'HUB INTERNATIONAL PENNSYLVANIA', 'HUB INTERNATIONAL OF CA INSURANCE', 'HUB INTEERNATIONAL NEW ENGLAND LLC', 'HUB INTERNATIONAL NORTHWEST LLC - Y', 'HUB INTERNTIONAL MIDWEST LTD (FL)', 'HUB INTERNATIONAL INSUARNCE SERVICE', 'HUB INTL MIDWEST LTD DBA COMPA', 'HUB INTERNATIONAL MEDWEST LTD DBA', 'HUB INTERNATIONAL NE (WOODBURY)', 'HUB INTERNATIONAL MNID-ATLANTIC INC', 'HUB INTL MOUNTAIN STATES LIMITED', 'HUB INTERNATIONAL MTN STATES LTD', 'HUB INTERNATIONAL NW & OTHER AGENTS', 'HUB INTERNATIONAL MDIWEST LTD', 'HUB INTERNATIONAL PBA', 'HUB INTERNATIONA L GREAT PLAINS', 'HUB INTERNATIONAL WATSON NORTHEAST', 'HUB INTL INS SRVCS INC', 'HUB INTERNATIONAL INSURANCE DENVER', 'HUB INTERNATIONAL CA ACCOUNTING', 'HUB INTERNATIONAL - GRAND RAPIDS MI', 'HUB INTERNATION OF CA INS. SVCS.', 'HUB INTL INSURANCE SVCS INC', 'HUB INTERNATIOANL PUERTO RICO, INC', 'HUB INTERNAITONAL NORTHEAST LTD', 'HUB INTERATIONAL NORTHEAST LIMITED', 'HUB INTERNATIONAL GULF LIMITED SOUT', 'HUB INTERNATIONAL NORTHEAST LI', 'HUB INTERNATIONAL MTN ST LTD', 'HUB INTERNATIONAL METAIRIE', 'HUB INTERNATONAL GULF SOUTH L', 'HUB INTERNAITONAL NEW ENGLAND LLC', 'HUB INTERNATIONAL- MONTANA', 'HUB INTERNATIONAL MID SOU', 'HUB INTERNAIONAL MIDWEST LIMITED', 'HUB INTERNATIONAL MIDWEST L', 'HUB INTERNATIONAL THE HOLMS ORG.', 'HUB INTERN OF CA INS. SERVICES', 'HUB INTERNATIONAL - NORWELL, MA', 'HUB INTERNATIONAL MTN STATE LIMITED', 'HUB INTERNATIONAL CULVER CITY', 'HUB INTERNATIONAL FLORIDA - DAVIE', 'HUB INTERNATIONAL-CENTER DR', 'HUB INTERNATIONAL OF CA INS SRVS', 'HUB INTERNATI10ONAL MIDWEST LIMITED', 'HUB INTERNATIONAL OF CA INS SRVCS', 'HUB INTL. OF CA INSURANC SERVICES', 'HUB INTERNATIONAL-NEWPORT BEACH', 'HUB INTERNATIONAL-WAUKESHA', 'HUB INTERNATIONAL INSURANCE SE', 'HUB INTERNAIONAL FLORIDA LTD', 'HUB INTERNATIONAL-EBG', 'HUB INTERNATIONAL MISTWEST LIMITED', 'HUB INTERNATIONAL - NEWPORT BEACH', 'HUB INTERNATIONAL GULF SO', 'HUB INTERNATIONAL MID-ATLANTIC', 'HUB INTERNATIONAL MIDWEST LLC RAL', ""HUB INT'L MIDWEST LTD, BANYAN CNSLT"", 'HUB INTERNATIONAL MIDWESTS LIMI', 'HUB INTL MIDWEST LT DBA HORAN ASSOC', 'HUB INTERNATIONAL MIDWEST LLC RALEI', 'HUB INTERNATIONAL MIDWEST LTD-MSO', 'HUB INTERNATIONAL MIDWEST LLC COLUM', '488HUB INTERNATIONAL MIDWEST LTD', 'HUB INTERNATIONAL RALEIGH', 'HUB INTERNATIONAL - YAKIMA', 'HUB INTERNATIONAL CFR', 'HUB INTERNATIONAL INSURANCE MIDWEST', 'HUB INTERNATIONAL MIDWESTERN LIMI', 'HUB INTERNATIONAL - EBG', 'HUB INTERNATIONAL THE HOLMES ORG.', 'HUB INTERNATIONAL-YAKIMA', 'HUB INTERNATIONAL CAROLINA', 'HUB INT. INSURANCE SERVICES INC', 'HUB INTERNATIONAN NORTHEAST LIMITED', 'HUB INTERNATIONAL NEW ENGLAND KKC', 'HUB INTERNATIONAL SAN RAMON CA', 'HUB INTERNATIONAL-UNITY', 'HUB INTL NW LLC YAKIMA', 'HUB INTL INS SVCS AND OTHER AGENTS', 'HUB INTERNATIONAL SAN FRANCISICO CA', 'HUB INVESTMENT ADVISORS INC', 'HUB INTERNATIONAL MTN STATE BOISE', 'HUB INTERNATIONAL - MADISON', 'HUB INTERNATIONAL MOUNTAIN STATE LT', 'HUB INTERNATIONAL - TWIN FALLS', 'GBS/HUB INTERNATIONAL MIDWEST', 'HUB INTERNATIONAL HOLMES ORGANISATI', 'HUB INTERNATIONAL - SAN RAMON', 'HUB INTERANTIONAL MTN STATES LTD', 'HUB INTERNTL NW LLC - SPOKANE', 'HUB INTL NW LLC BELLINGHAM', 'HUB INTERNATIONAL - WOODBURY, NY', 'HUB INTL MOUNTAIN STATES L', 'HUB INTERNATIONAL MOUNTAIN STATES L', 'HUB INTERNATIONAL INSURANCE SRVS', 'HUB INTERNAITONAL NORTHEAST LIMITED', 'HUB INTL MIDWEST LTD - ACCT 481140', 'LIMITED HUB INTERNATIONAL MIDWEST', 'HUB INTL MIDWEST LTD-EQUITABLE', 'HUB INTL NEW ENGLAND DBA WORKPLACE', 'HUB INTERNATIONAL MID-ATL INC-RAFFA', 'HUB INTERNATIONAL PLAN BENEFIT', 'HUB INTERNATIONAL NW LLC-VITOLO', 'HUB INTERNATIONAL THREE RIVERS', 'HUB NATIONAL MIDWEST LIMITED', 'HUB INTERNATIONAL MD-ATLANTIC', 'HUB INTERNATIONAL MOUNTAIN', ""HUB INT'L MIDWEST LIMITED-EQUITABLE"", 'HUB INTNTL MOUNTAIN STATE LTD', 'HUB INERNATIONAL INSURANCE SE', 'HUB INTERNATIONAL MID-ATL INC RAFFA', 'HUB INTERNATIONAL-ROSEVILLE', 'HUB INT. MOUNTIAN STATES LTD', 'HUB INTERNALIONAL N E LLC', 'HIB INTERNATIONAL', 'HUB INTNT MOUNTAIN STATES LIMITED', 'HUB INTERNATIONAL - MONTEREY', 'HUB INTERNATIONAL MID-ALT INC RAFFA', 'HUB INTL MIDWEST LTD DBA COMPASS', 'HUD INTERNATIONAL NORTHEAST LTD', 'HUB COMMISSIONS MIDWEST LIMITED', 'HUB INT OF CA INSURANCE SERVICES', ""HUB INT'L MIDWEST LIMITED - EQUITAB"", 'HUB INTNL MIDWEST LTD DBA COMPASS I', 'HUB INTERNATIONAL - RIVERSIDE', 'HUB INTERNATIONAL INSURANCE-JORDAN', 'HUB INTL - TONI L PRICE', 'HUB INTERNATIONAL - TONI L PRICE', 'HUB INTL - TRUDY DANE', 'HUB INTERNATIONAL INSURANCE-JEFFREY', 'HIB INTERNATION AL MIDWEST LIMITED', 'HUB INTL MIDWEST LIMITED DBA CBS', 'HUB INTL MIDWEST LIMITED DBA GRACE']",[]
J N SAVASTA CORP,"['JN SAVASTA CORP', 'JN SAVASTA INC.', 'SAVASTA JN CORP', 'J,N, SAVASTA CORPORATION']",[]
WILLIS TOWERS WATSON NORTHEST INC,"['WILLIS TOWER WATSON NORTHEAST INC', 'WILLIS TOWERS WATSON NORTHEAST,INC', 'WILLIS TOWERS WATSON WEST INC', 'WILLIS TOWERS WATSON INC', 'WILLIS TOWERS WATSON SE INC', 'WILLIS TOWERS WATSONSOUTHEAST INC', 'WILLIS TOWERS NORTHEAST INC', 'WILLIS TOWERS WATSON SOUTHEAST INC', 'WILLIS TOWERS WATSON SOUTHWEST INC', 'WILLIS TOWERS WATSON NOTHEAST, INC.', 'WILLIS TCWERS WATSON NORTHEAST INC', 'WILLIS TOWER WATSON NE INC', 'WILLIS TOWERS WATSON LLC', 'WILLIS TOWERS WATSONUS LLC', 'WILLIS TOWER WATSON SOUTHEAST INC', 'WILLIS TOWERS WATSON SOUTHEAST,INC.', 'WILLIS TOWERS WATSON INC SVC WEST', 'WILLIS TOWERS OF WATSON MIDWEST,INC', 'WILLIS TOWERS WATSON MIDW, INC', 'WILLIS TOWERS WATSONS US LLC', 'WILLS TOWERS WATSON NE, INC', 'WILLIS TOWERS WATSON MIDWEST,INC', 'WILLIS TOWERS WATSON DELAWARE INC', 'WILLIS TOWERS WATSON NORTH EAST', 'WILLIS TOWERS WATSON SE, LLC.', 'WILLIS TOWERS WATSON US LLC(NY)', 'WILLIS TOWES WATSON SE INC', 'WILLIS TOWERS WATSON US LLC (NY)', 'WILLS TOWERS WATSON MIDWEST INC', 'WILLIS TOWERS WATSOM NE INC.', 'WILL TOWERS WATSON SOUTHEAST INC', 'WILLIS TOWERS WATSON OF NJ, INC.', 'WILLIS TOWERS WATON SOUTHEAST, INC', 'WILLS TOWERS WATSON NORTHEAST OH', 'WILLIS TOWERS WATSON US LLC (MN)', 'WILLIS TOWERS WATSON US LLC-BOSTON', 'WILLIS TOWERS WATSON US LLC-CHICAGO', 'WILLIS TOWERS WATSON US LLC (LA)', 'WILL TOWERS WATSON MIDWEST, INC.', 'WILLIS TOWERS WATON US LLC', 'WILLIS TOWERS WATSON INS BROKERAGE', 'WILLIS TOWERS WATSON INSUR SVCS', 'WILLIS TOWERS WATSON US LLC-ARL.VA', 'WILLIS TOWERS WATSON INSURANCE CO', 'WILLIS TOWERS WATSON INS SVCS W INC', 'WILLIS TOWERS WATSON MIDWEST WI', 'WILLIS TOWERS OF WATSON MIDWEST', 'WILLIS TOWERS WATSON US LLC- ARL VA', 'WILLIS TOWERS WASTON US LLC', 'WILLIS TOWERS WATSON INSURNCE SVC', 'WILLIS TOWERS WATSON INS SERV', 'WILLIS TOWERS WATSON INS.SRVC W.INC', 'WILLIA TOWERS WATSON US LLC', 'WILLIS TOWERS WATSON SVCS WEST', 'WILLIS TOWERS WATSON US LLC, PO', 'WILLIS TOWERS WATSON INSURANC SERVI', 'WILLIS TOWERS WATSON INSURNACE SERV', 'WILLIS TOWERS WATSON INS SRVC WEST', 'WILLIS TOWERS WATON INS. SVCS.', 'WILLIS TOWERS WATSON INSURANCE WEST', 'WILLISTOWERS WATSON SOUTHEAST, INC.', 'TOWERS WATSON DELWARE INC', 'WILLIS TOWERS WATSON US LLC- ARL.', 'WILLS TOWERES WATSON US LLC', 'WILLIS OF NORTH AMERICA INC.', 'WILLIS TOWERS WATSON SVC WEST', 'WILLIS TWR WATSON INS SVCS WEST INC', 'WILLIS, TOWERS AND WATSON INSURANCE', 'WILLIS TOWERES WATSON INSURANCE', 'WILLIS TOWERS WATSON INS SER WEST', 'WILLIS TOWER WATSON INSURANCE', 'WILLIS TOWER WATSON INSURANCE SVCS', 'WILLIS TOWERS WATSON INS SER', 'WILLIS TOWERS WATSON INS SVCS NE', 'WILLIS NORTH AMERICA, INC.', 'TOWERS WATSON US LLC', 'WILLS TOWERS WATSON INSURANCE', '12-0369 WILLIS TOWERS WATSON INS SE', 'WILLIS TOWEERS WATSON INSURANCE', 'WILLIS OF NORTH CAROLINA INC', 'WILLIS TOWERS WATSON INURANCE SERVI', 'TOWERS WATSON DE INC', 'WILLIS TOWERS WATSON MIDWEST 233 S', '42-1246 WILLIS TOWERS WATSON NE', 'WILLIS TOWERS WASTON INSURANCE', 'WILLS TOWERS WATSON INSURANCE SERV', 'WILLIS TOWER WATSON INSURANCE SERV', 'TOWERS WATSON PR BROKERAGE INC', 'WILLIS TOWERS WATSON INSURANCE SERC', 'WILLIS TOWERS WATSON INS SRVS', 'WILL TOWERS WATSON INSURANCE SERVIC', 'TOWERS WATSON PENNSYLVANIA INC.', 'WILLIS TOWERS WATSON INS SVS WEST', 'WILLS TOWERS WATSON INS SVCS WEST', 'WILLIS TOWRS WATSON INSURANCE SERVI', 'WILLIS TOWER WATSON INS SVCS WEST', 'WILLIS, TOWERS, WATSON AND SOUT', 'WILLIS TOWERS WATSON INS CARRIER', 'WILLISTOWERS WATSON INSURANCE SVCS', '12-0369 WILLIS TOWERS WATSON INSURA', 'WILLIS TOWERS WATSON MIDWEST 223S', 'WILLIS TOWERS OF TENNESSEE, INC.', 'SOUTHEAST, INC WILLIS TOWERS WATERS', 'WILLIS TOWERS WATSON INS - ARIZONA', 'WILLIS TOWERS WATSON US L', 'WTW NORTHEAST INC', 'WILLIS TOWER WATSON INS SVCS', 'WILLIS TOWERS WATSON SE-FL NAPLES', 'WILLIS OF OHIO INC', 'WILLIS OF MINNESOTA INC', 'WILLIS TOWERS WATSON - POTOMAC, MD', 'WILLS TOWERS WATSON US L', 'WILLIS TOWERS WATSON US-BOSTON, MA', 'WILLIS TOWER WATSON INSURANCE SCVS.', 'TOWERS WATSON PR INSURANCE', 'TOWERS WATSON RETIREE INS. SERVICES', 'WILLIS OF MICHIGAN INC.', 'WILLISTOWERS WATSON INS SVCS W INC', 'WILLIS TOWERS WATSON - CLEVELAND', 'WILLIS TOWERS WATSON & OTHER AGENTS', 'WILLIS TOWERS WATSON - MI', 'WILLIS TOWERS WATSON - HUNT VALLEY,', 'WILLIS TOWERS WARSON SVC WEST', 'WILLIS TOWER WATSON US L', 'WILLIS TOWERS AND VARIOUS AGENTS']",[]
WILLIS OF NEW YORK INC,"['WILLIS OF NEW YORK, INC(NEW YORK,NY', 'WILLIS OR NEW YORK INC', 'WILLIS OF NEW YORK INC. HRH', 'WILLIS OF NEW JERSEY,INC.', 'WILLIS OF NORTH AMERICA INC.', 'WILLIS OF CONNECTICUT LLC', 'WILLIS RE INC.', 'WILLIS OF OHIO INC', 'WILLIS OF PENNSYLVANIA INC', 'WILLIS OF ILLINOIS INC', 'WILLIS OF TEXAS INC', 'WILLIS OF SEATTLE INC', 'WILLIS LIFE INC', 'WILLIS OF WI INC', 'WILLIS OF CALIFORNIA, INC.', 'WILLIS OF GEORGIA INC', 'WILLIS OF VIRGINIA INC', 'WILLIS OF NEW JERSEY INS', 'WILLIS OF NORTH CAROLINA INC', 'WILLIS OF MINNESOTA INC', 'WILLIS OF MASSACHUSETTS INC', 'WILLIS OF WISCONSIN INC', 'WILLIS CORROON CORP. OF NEW YORK', 'WILLIS AND MORE LLC', 'WILLIS CORROON CORP. OF NY INC.', 'WILLIS OF NORTH CALIFORNIA INC', 'WILLIS OF PA INSURANCE SERVICES', 'WILLIS OF FLORIDA INC', 'WILLIS OF TENNESEE INC', 'WILLIS INSURANCE', 'WILLIS OF MARYLAND INC', 'WILLIS NORTH AMERICA, INC.', 'WILLIS OF ARIZONA INC', 'WILLIS OF TENNESSE INC', 'WILLIS OF MICHIGAN INC.', 'WILLIS INS. SERVICES OF CA, INC.', 'WILLIS INSURANCE SERVICES OF', 'WILLIS OF COLORADO INC', 'WILLIS OF TEXAS, INC- DALLAS', 'WILLIS INSURANCE SERVICES', 'WILLIS OF ALABAMA INC', 'WILLIS OF OKLAHOMA, INC.', 'WILLIS INSURANCE OF CALIFORNIA, INC', 'WILLIS INS SERVICES OF GEORGIA INC', 'WILLIS OF MARYLAND, LLC', 'WILLIS INS SERVICES OF CALIFORNIA', 'WILLIS CORP. OF MARYLAND', 'WILLIS LIFE INS AGENCY OF OHIO INC', 'WILLIS OF TEXAS, INC-ADDISON', 'WILLIS OF TEXAS, INC-HOUSTON', 'WILLIS INSURANCE SVCS OF CA', 'WILLIS INS SVCS OF CA INC', 'WILLIS OF GREATER KANSAS INC', 'WILLIS INSURANCE SVCS OF CALIFORNIA', 'WILLIS INSURANCE SVCS OF ATLANTA', 'WILLIS OF CORROON OF NY', 'WILLIFORD INS GROUP INC', 'WILLIS INS SVCS OF CALIFORNIA', 'WILLIS INS SVCS OF CA', 'WILLIS OF PENNSYLVANIA INS SERVICES', 'WILLIS INSURANCE SRVS OF CA INC', 'WILLIS INS SVCS OF SAN JOSE INC', 'WILLS OF NEW JERSEY INC']",[]
JS YOUNG AND ASSOCIATES,"['JS YOUNG & ASSOCIATES', 'JS YOUNG AND ASSOC AND OTHER AGENTS', 'JASON YOUNG & ASSOCIATES']",[]
PAUL GLOBAL BENEFITS INC,"['PAUL GLOBAL BENEFITS', 'PAUL GLOBAL BENEFIST INC.', 'PAUL GLOBAL BENEFITS DIV WORLD INS', 'PAUL GLOBAL BENEFITS WORLD INS AGCY']",[]
WARNER PACIFIC INS SVCS INC,"['WARNER PACIFIC INS SVSC INC', 'WARNER PACIFIC INSURANCE SVCS', 'WARNER PACIFIC INS SER INC-CA', 'WARNER PACIFIC INSURANCE SRVCS INC', 'WARNER PACIFIC IS SVCS INC', 'WARNER PACIFC INS. SVCS. INC.', 'WARNER PACIFIC INS SERV, INC.', 'WARNER PACIFIC INSURANCE SRVS INC', 'WARNER PACIFIC INC SERV INC', 'WARNER PACIFIC INC SVC', 'WARNER PACIFIC INSURACNE SVCS, INC,', 'WARNER PACIFIC INSRUANCE SERVICES', 'WARNER PACIFIC INSURANCE SERIVCES', 'WARNER PACIFIC INSURANCE, INC.', 'WARNER PACIFIC SERVICES', 'WARNER PACIFIC INSURANCE SERVI', 'WARNER PACIFIC INSURNACE SERVICES', 'WARNER PACIFIC INC SERVICE', 'WARNER PACIF INSURANCE SERVICES INC', 'WARNER PACIFIC INSURANCE', 'WARNER PACIIFC IN SVCS INC', 'WARNER PACIFIC INSURANCE GROUP', 'VCS INC WARNER PACIFIC INS', 'WARNER PACFIC INS SERVICES', 'WARNER ACIFIC INSURANCE SERVICES', 'BENEUSA LLC A WARNER PACIFIC COMPAN', 'BENEUSA LLC A WARNER PACIFIC']",['WARNER CENTER INSURANCE SERVICES']
WORLD INSURANCE ASSOIATES LLC,"['WORLD INSURANCE ASSOCATES LLC', 'WORLD INSURANCE ASSOCITES LLC', 'WORLD INSURANCE ASSOC LLC', 'WORLD INSURANCE ASSOCIATION LLC', 'WORLD INSRUANCE ASSOCIATES LLC', 'WORL INSURANCE ASSOCIATES, LLC', 'WORLD INSURANCE ASSOC', 'WORLD INSURANCE ASSOCIATE', 'WORLD INSURANCE ASSOCIATI', 'WORLD INSURANCE ASSOCIATION CO', 'WORLKD INSURANCE ASSOCIATION CO', 'WORLD INS ASSOCIATES LLC', 'WORLD INSURANCE SERVICES', 'WORLD INSURANCE ASSOC. CONSULT. GRP', 'WORLD INS ASSOC LLC', 'WORLD INSURANCE ASSN CONSULTING GRP', 'WORLD INS ASSOCIATION LLC', 'WORLD INSURANCE ASSICIATION CONSULT', 'WORLD INSURANCE ASSOCIATION CONSULT']",['WWW INSURANCE LLC']
MICHAEL REISHUS NORTH RISK PARTNERS,"['NORTH RISK PARTNERS', 'NORTH RISK PARTNERS ST. PAUL', 'NORTH RISK PARTNERS LLC', 'NORTH RISK PARTNERS CHARLES SEIVERT', 'NORTH RISK PARTNERS - CORPORATE', 'NORTH RISK PARTNERS LCC', 'NORTH RISK PARNTERS LLC', 'NORTH RISK PARTNERS IOWA', 'RISK CONSULTING PARTNERS', 'STU HAMANN NORTH RISK PARTNERS LLC']",[]
CLAREMONT BUSINESS GROUP,"['CLAREMONT BUSINESS BROUP INC', 'CLAREMONT BUSINESS GROUP INC', 'CLAREMONT INSURANCE COMPANY']",[]
BALTOR INSURANCE SERVICES,['BALTOR INURANCE SERVICES'],[]
BUSINESSOLVER.COM INC,"['BUSINESSOLVER COM INC', 'BUSINESSOLVER.COM,INC', 'BUSINESSOLVER INC', 'BUISINESSOLVER.COM, INC.', 'BUSINESSLOVER.COM INC', 'BUSINESSSOLVER DOT COM INC', 'BUISNESSSOLVER.COM, INC.']",[]
SILVERSTONE GRP A DIV OF HUB,"['SILVERSTONE GROUP A DIV OF HUB INTE', 'SILVERSTONE GROUP LLC HUB', 'SILVERSTONE GROUP LLC A HUB INTER', 'SILVERSTONE GROUP, A DIVISION OF', 'SILVERSTONE GROUP', 'SILVERSTONE GROUP LLC', 'SILVERSTONE GROUP INC', 'SILVERSTONE GROUP INCORPORATED']",[]
FOUNDATION RISK PARTNERS,"['FOUNDATION RISK PARTNERS OF', 'FOUNDATION RISK PARTNERS LLC', 'FOUNDATION RISK PARTNERS CORP LLC', 'FOUNDATION RISK PARTERS CORP', 'FOUNDATION RISK PARTNERS DBA', 'FOUNDATION RISK PARTNERS GROUP DBA', 'FOUNDATION RISK PARTNERS CORP DBA', 'FOUNDATION RISK PARNERS CORP', 'FOUNDATION RISK PARTNERS CORP TOTAL', 'FOUNDATION RISK PARTNERS OF FLORIDA', 'FOUNDATIONRISK PARTNERS, CORP', 'FOUNDATION RIS PARTNERS CORP', 'FOUNTATION RISK PARTNERS', 'FOUNDATION RISK CORP', 'FOUNDATION RISK PARTNERS, CROP', 'FOUDNATION RISK PARTNERS', 'FOUNDATION RISK PARTNERS DBA ACENTR', 'FOUDATION RISK PARTNERS CORP', 'FOUNDATION RISK PARTERS DBA PINNACL', 'RISK CONSULTING PARTNERS', 'FOUNDAITON RISK PARTNERS CORP', 'FOUNDATION PARTNERS & OTHER AGENTS', 'FOUNDATION RISK CORP DBA PINNACLE', 'FOUDNATION RISH PARTNERS CORP']",[]
PRICIPAL SECURITIES INC,"['PRINCIPAL FINANCIAL GROUP, INC.', 'PRINCIPAL INSURANCE SERVICES INC.', 'PRINCIPAL SECURITIES INC HOLLY BLOO', 'PRINCIPAL INS SERVICE INC.', 'PRINCIPAL SECURITIES INC DAMIEN CAN', 'PRINCIPAL LIFE INSURANCE COMPANY', 'PRINCIPAL GLOBAL INVESTORS LLC', 'PRINCIPAL INSURANCE AGENCY LLC', 'PRINCIPAL LIFE INSURNACE COMPANY', 'PRINCIPAL INSURANCE AGENCY']",[]
REUBEN WARNER ASSOCIATES,"['REUBEN WARNER ASSOCIATES,INC.', 'REUBEN WARNER AND ASSOCIATES, INC.', 'REUBEN WARNER ASSOCIATES, LLC', 'REUBEN WARNER ASSOC INC', 'REUBAN WARNER ASSOCIATES INC', 'REUBIN WARNER ASSOCIATES, INC.', 'WARNER REUBEN ASSOCIATES, INC.', 'REBEN WARNER ASSOCIATES INC', 'RUEBEN WARNER ASSOCIATES', 'REUBEN WARNER ASSOCAITES INC', 'RUEBEN WARNER ASSOCIATES INC', 'REUBEN WARREN ASSOCIATES, INC.', 'REUBEN WARNER ASSOCIATION, INC.', 'REUBEN WARNER ASSOCIARES INC', 'RUEBEN WARNER ASSOC INC', 'REBURN WARNER ASSOCIATES, INC.', 'REUBEN WARMER ASSOC INC']",[]
ALLIANT INSURANCE SERVICE,"['ALLIANT INSURANCE SERIVCES', 'ALLIANT INSURACE SERVICES', 'ALLIANT INSURANCE', 'ALLIANT INSURANCE COMPANY', 'ALLIANT INSURANCE SERVICES LLC', 'ALLIANT INSURANCE SERVCIES, INC.', 'ALLIANT INSURANCE SERVCICES, INC.', 'ALLIANT INSURANCE SEVICES INC', 'ALLIANT INSURANCES SERVICES INC', 'ALLIANT INSURANCE SERVCES, INC.', 'ALLIANT INSURANCE SERIVES, INC.', 'ALLIANT INSURANCE SERVICES INC DBA', 'ALLIANT INSURANCE SERVIES, INC.', 'ALLIANT INSURANCE CERVICES INC', 'ALLIANT INSURANCE SERVICS, INC.', 'ALLIANT INSURANCE SERVICES I', 'ALLIANT INSURANCE SERVIVES, INC.', 'ALLIANT ISNURANCE SERVICES INC', 'ALLIANT INURANCE SERVICES, INC.', 'ALLIANT INSURANCE SERVICES 1301', 'ALLIANT INSRANCE SERVICES, INC.', 'ALLIANT INSUARNCE SERVICES', 'ALLIANT INS SERVICE INC', 'ALLIANT INSURANCE SERVICES INC HQ', 'ALLIANT INSURANCE BROKERAGE', 'ALLIANT INSURAQNCE SERVICES INC', 'ALLIANT INSURANCE SVCS', 'ALLIANT INSRUANCE SERVICES INC', 'ALLIANT INSURANCE SVCS LLC', 'ALLILANT INSURANCE SERVICE INC', 'ALIIANT INSURANCE SERVICES', 'ALLIANT INSURANCE SERVICES HOU', 'ALLIENT INSURANCE SERVICES', 'ALLIANT SPECIALTY INSURANCE', 'ALLIANT INSURANCE SERVICES - GA', 'ALLIANT/MESIROW INSURANCE SERVICE', 'ALLIANT INSURANCE SERVICES & OTHERS', 'ALIANT INS. SERVICES', 'ALLIANT INS SER INC', 'ALLIANT INSURANCE SERVICES LLC - GA', 'DRIVER ALLIANT INSURANCE SERVICE', 'ALLIANT INS SERVCIES INC', 'ALLIANT INS. SERVICES INC. - HQ', 'ALLIANT INSURANCE SERVICES INC-SAN', 'ALLIANT INSRUANCE SERRVICECS, INC.', 'ALLIANT ISNRUANCE SERVICES, INC.', 'ALLIANT/ESIROW INSURANCE SERVICES', 'ALLIANT SERVICES INC.', 'ALLIANT INSURANCE SERVICE SAGEWELL', 'ALLIANT / MESIROW INSURANCE SERVICE', 'ALLIANTA INSURANCE SERVICES, INC.', 'ALLIANT INSURANCE SRVS INC', 'ALLIANT INS. SERVICES, INC & OTHERS', 'ALLIANT INS SERVICES INC. SAN DIEG', 'ALLAINT INSURANCE SERVICES, INC.', 'ALLIANT IN SERVICES INC', 'ALLIANT INS SERVICES INC LOS ANGELE', 'ALLIANT INS. SVCS. AND OTHER AGENTS', 'ALLIANT INSURANCE SERVICES, INCA', 'ALIANT INSURANCE SERVICE 785439', 'DRIVER ALLIANT INSURANCE', 'ALLIANT INS SERVICES INC HOUSTON', 'ALLIANT INSURANCE SERV HOUSTON LLC', 'ALLIANT INSURANCE SVCS-AUSTIN, TX', 'ALLIANT COMPANY', 'ALLIANT INS SVCS INC', 'ALLIANT INSURANCE SERVICES-TAMPA,FL', 'ALLIANT INSURANCE SVCS HOUSTON LLC', 'ALLAINT ISNURANCE SERVICES, INC.', 'ALLIANT BENEFIT SERVICES, INC.', 'ALLIANT INSURANCE SERVICES-KNOXVILL', 'ALLIANT FINANCIAL SERVICES, INC.', 'ALLIANT INS. SERVICES INC-ALPHARETT', 'ALLIANT INSURANCE SERVICES 3600 N', 'DRIVER ALLIANT INSURANCE SVCS', 'ALLAIANT INSURANCE INC (GA)', 'ALLIANT INSURANCE SERVICES - BANNOC', 'ALLIANT INSURANCE SERVICES - KNOXVI', 'ALLIANT INS SRVCS INC', 'ALLIANT INS SVCS AND VARIOUS AGENTS', 'ALLIANT INS SER INC-HOUSTON', 'ALLIANT INS SVCS & VARIOUS AGENTS', 'ALLIANT INS SER INC-ALPHARETTA', 'ALLIANT INS. SVCS, INC. ACCTG DEPT', 'ALLIANT INS. SERVICES INC. - MUKILT', 'ALLIANT INS SVCS INC. SAN DIEG', 'ALLIANT INSURANCE SRVCS -ATLANTA GA', 'ALLIANT EMPLOYEE BENEFITS', 'ALLIANT INS SVCES HOUSTON LLC', 'ALLIANT SERVICES HOUSTON', 'ALLIANT SERVICES HOUSTON, INC.', 'ALLIANT INS SVCS INC (TX)', 'ALLIANT INS SERVICES INC - SPOKANE', 'ALLIANT INS SERVICES-KNOXVILLE', 'ALLIANT INS SVCS HOUSTON LLC', 'ALLIANT INS SVCS HOUSTAN LLC', 'ALLIANT INS SER INC - FT LAUDERDALE', 'ALLIANT INS SRVCES INC.-ALPHARETTA', 'ALLIANT INS SVCS INC.-ALPHARETTA', 'ALLIAN INSURANCE SERV HOUSTON LLC', 'ALLIANT EMPLOYEE BENEFITS-GA']",[]
STEALTH PARTNER GROUP,"['STEALTH PARTNERS GROUP', 'STEALTH PARTNERS GROUP,LLC', 'STEALTH PARNTER GROUP LLC', 'STEALTH PARTNER GROUP LLC - NORTHEA', 'STEALTH PARTNER GROUP LLC SOUTHWEST', 'STEALTH PARNER GROUP', 'STEALTH PARTNER GROUP - STOP LOSS', 'STEALTH PARTNER GROUP DALLAS, TX', 'STEALH PARTNER GROUP', 'STEATH PARTNER GROUP', 'STEALTH PARTNER GROUP, AN AMWINS CO', 'STEALTH PARNER GROUP-NORTHEAST', 'STEALTH BENEFIT SOLUTIONS', 'STEATH PARTNER GROUP LLC', 'STEALT PARTNER GROUP LLC']",[]
IMA INC,"['IMA INC-000', 'IMA INC - 000', 'IMA INC -000', 'IMA INC (TX)', 'IMA INC (CO)', 'IMA,INC', 'IM, INC.', 'IMA INC(KS)', 'IMA INC (KS)', 'IMA CORP','IMA OF COLORADO INC','IMA OF COLORADO,1694.84 INC.','IMA OF COLORADO, INC. + IMA, INC.']",[]
THE HORTON GROUP INC,"['THE HORTON GROUP,INC.', 'THE HORTON GROUP LLC', 'THE HORTON GROUP', 'HORTON GROUP INC', 'THE HORTON GROUP IL', 'HORTON GROUP INC THE', 'HORTON GROUP', 'HORTON GROUP INC-ORLAND PARK', 'THE HORTON GROUP-BEN ADMIN', 'HORTON GROUP INC - ORLAND PARK', 'THE HORTON GROUP,INC-JEFFREY SEALEY', 'HORTON GROUP - IL', 'HORTON BENEFITS COMPANY LLC', 'HORTON INSURANCE GROUP']",[]
ACADIA BENEFITS INC,"['ACADIA BENEFITS', 'ACADIAN BENEFITS INC', 'ACADIA SERVICES LLC', 'ARCADIA BENEFITS INC', 'ACAIDA BENEFITS INC']",[]
